{
  "tfidf_word": {
    "auc": 0.9995805369127516,
    "ap": 0.9861111111111112,
    "report@0.5": "              precision    recall  f1-score   support\n\n           0      0.997     1.000     0.998       298\n           1      1.000     0.875     0.933         8\n\n    accuracy                          0.997       306\n   macro avg      0.998     0.938     0.966       306\nweighted avg      0.997     0.997     0.997       306\n"
  },
  "tfidf_char": {
    "auc": 1.0,
    "ap": 1.0,
    "report@0.5": "              precision    recall  f1-score   support\n\n           0      0.997     1.000     0.998       298\n           1      1.000     0.875     0.933         8\n\n    accuracy                          0.997       306\n   macro avg      0.998     0.938     0.966       306\nweighted avg      0.997     0.997     0.997       306\n"
  },
  "embeddings": {
    "auc": 0.9974832214765101,
    "ap": 0.928409090909091,
    "report@0.5": "              precision    recall  f1-score   support\n\n           0      1.000     0.990     0.995       298\n           1      0.727     1.000     0.842         8\n\n    accuracy                          0.990       306\n   macro avg      0.864     0.995     0.919       306\nweighted avg      0.993     0.990     0.991       306\n"
  },
  "blended": {
    "auc": 1.0,
    "ap": 1.0,
    "report@0.5": "              precision    recall  f1-score   support\n\n           0      1.000     1.000     1.000       298\n           1      1.000     1.000     1.000         8\n\n    accuracy                          1.000       306\n   macro avg      1.000     1.000     1.000       306\nweighted avg      1.000     1.000     1.000       306\n"
  }
}